beta,t_plus_exact,t_minus_exact,pde_plus_err_n600,pde_minus_err_n600,pde_plus_err_n1200,pde_minus_err_n1200,pde_plus_err_n2400,pde_minus_err_n2400,chain_plus_err_s4000,chain_minus_err_s4000,chain_plus_err_s8000,chain_minus_err_s8000,chain_plus_err_s16000,chain_minus_err_s16000,chain_plus_err_s64000,chain_minus_err_s64000
0.0,1.0,1.0,0.0006030954873597061,0.0006030954873601502,0.00015123134833583407,0.00015123134833627816,3.783173847948795e-05,3.783173847971e-05,8.237854842718662e-14,8.237854842718662e-14,1.2567724638756772e-13,1.2578826869003024e-13,2.142730437526552e-13,2.142730437526552e-13,9.134915046615788e-13,9.132694600566538e-13
0.001,1.001001001001001,0.9990009990009991,0.0006042769820877592,0.0006017341669496412,0.00015125786929837126,0.00015068794746064818,3.786414171336183e-05,3.771346327741121e-05,8.237854842718662e-14,8.204548151979907e-14,1.2567724638756772e-13,1.2578826869003024e-13,2.1405099914773018e-13,2.141620214501927e-13,9.15045816896054e-13,9.11604125519716e-13
-0.001,0.9990009990009991,1.001001001001001,0.0006017341669493081,0.0006042769820882032,0.00015068794746009306,0.00015125786929881535,3.771346327763325e-05,3.7864141714916144e-05,5.750955267558311e-14,2.227107387398064e-13,2.6501023597802487e-13,1.3766765505351941e-14,9.602318939982979e-13,5.349054532644004e-13,3.4297009676720336e-12,1.6133760993852775e-12
0.01,1.0101010101010102,0.9900990099009901,0.0006077691964214704,0.0005983331481148602,0.00015107376543399553,0.00015136735143794766,3.750552609194102e-05,3.815909479598645e-05,8.348877145181177e-14,8.126832540256146e-14,1.270095140171179e-13,1.2467804566540508e-13,2.1760371282653068e-13,2.1105339698124226e-13,9.177103521551544e-13,9.08162434143378e-13
-0.01,0.9900990099009901,1.0101010101010102,0.000598333148114194,0.0006077691964219145,0.00015136735143794766,0.00015107376543443962,3.815909479598645e-05,3.750552609171898e-05,1.63202784619898e-14,1.5121237595394632e-13,2.4991120284312274e-13,5.169198402654729e-13,5.77871084317394e-13,1.6431300764452317e-13,2.230104989564552e-12,4.184874669022065e-12
0.1,1.1111111111111112,0.9090909090909091,0.0007882566980721428,0.0005086917626320187,0.00017164142951986427,9.762576290506253e-05,5.597192115480709e-05,2.047886173905944e-05,8.215650382226158e-14,8.038014698286133e-14,1.5121237595394632e-13,1.0691447727140257e-13,2.313704783318826e-13,2.0017321133991572e-13,9.463541061904834e-13,8.374412274747556e-13
-0.1,0.9090909090909091,1.1111111111111112,0.0005086917626319076,0.0007882566980721428,9.762576290517355e-05,0.00017164142951942019,2.047886174094682e-05,5.597192115369687e-05,1.0857981180834031e-13,3.6570746431152656e-13,1.0591527654923993e-13,4.687361609967411e-13,3.4161562467716067e-13,1.865174681370263e-14,2.1057600108065344e-12,5.4007909255915365e-12
0.2,1.25,0.8333333333333334,0.0007444990202931656,0.0003413608891718045,0.00017687850960701468,8.340307167542527e-05,4.954346395935616e-05,2.0656030069066134e-05,7.838174553853605e-14,7.72715225139109e-14,1.6919798895287386e-13,9.658940314238862e-14,2.615685446016869e-13,1.8252066524837574e-13,1.0014211682118912e-12,7.311928840181281e-13
-0.2,0.8333333333333334,1.25,0.00034136088917202656,0.0007444990202933877,8.34030716760914e-05,0.00017687850960745877,2.06560300703984e-05,4.954346395802389e-05,6.861178292183467e-14,1.0302869668521453e-13,3.516076318987871e-13,3.979039320256561e-13,4.2521541843143495e-13,2.873257187729905e-13,7.610578833805448e-13,1.141531313919586e-12
0.5,2.0,0.6666666666666666,0.002831204749434324,0.0002072827381783826,0.0002969667584364899,6.404661617842589e-05,3.7682397167060344e-05,1.0642220931722512e-05,5.808686864838819e-13,6.417089082333405e-14,9.312550730555813e-13,1.0380585280245214e-13,1.864730592160413e-12,1.5754064719430971e-13,7.51487760908276e-12,6.866729407306593e-13
-0.5,0.6666666666666666,2.0,0.00020728273817827159,0.002831204749434324,6.404661617864793e-05,0.000296966758436934,1.064222093161149e-05,3.768239716750443e-05,4.374278717023117e-14,5.808686864838819e-13,1.1357581541915351e-13,9.316991622654314e-13,2.51909604287448e-13,1.864730592160413e-12,9.700018566149993e-13,7.51443351987291e-12
0.8,5.000000000000001,0.5555555555555556,0.010729079079103698,0.0002407655406351239,0.00017463160681963075,4.21541158976968e-05,0.00042248429034064117,3.5917957566522496e-05,5.080380560684716e-13,4.296563105299356e-14,5.0173198928860074e-12,7.127631818093505e-14,3.3173463975799677e-12,1.6620038678638593e-13,9.566569758590049e-12,3.957945082788683e-13
-0.8,0.5555555555555556,5.000000000000001,0.00024076554063479083,0.010729079079103698,4.215411589780782e-05,0.00017463160681963075,3.591795756807681e-05,0.000422484290339753,4.574118861455645e-14,5.089262344881718e-13,3.9745984281580604e-14,5.021760784984508e-12,9.325873406851315e-15,3.3146818623208674e-12,5.073719222536965e-13,9.568346115429449e-12
